treeID,CI,CIVE,CRI1,IF,GLI,NGBDI,MGRVI,RGBVI,ExG,ExR,EXGR,NRed,NBlue,NGreen,HUE,INT,VARIgreen
100,0.192965,-13.005667,0.001788,-7.191993,0.081855,0.031081,0.062078,0.168736,54.954866,101.947250,-46.992384,0.348453,0.280780,0.370768,1.206347,164.037142,0.051312
101,0.212559,-14.008630,0.001939,-6.467403,0.085672,0.029572,0.059071,0.177266,57.486601,105.967278,-48.480677,0.351146,0.276287,0.372568,1.256349,164.172073,0.047815
102,0.192712,-9.089344,0.002143,-7.000851,0.083734,0.033130,0.066124,0.172097,48.135402,88.998590,-40.863188,0.347813,0.280514,0.371673,1.205931,144.022567,0.054263
103,0.214148,-11.594614,0.002187,-6.248964,0.088039,0.031545,0.063000,0.181913,53.583921,96.496756,-42.912835,0.350808,0.275513,0.373679,1.273396,149.285378,0.050879
104,0.196313,-5.417566,0.002028,-7.473435,0.071763,0.019999,0.039953,0.149237,40.280677,88.097884,-47.817207,0.351770,0.282191,0.366038,1.179983,139.094969,0.033482
105,0.188425,-9.491685,0.001854,-7.499903,0.077396,0.027944,0.055810,0.159419,47.953456,94.311142,-46.357687,0.348616,0.282690,0.368694,1.249609,153.418900,0.046027
106,0.222768,-10.772283,0.002051,-6.606016,0.078862,0.019841,0.039645,0.164743,50.720733,105.378561,-54.657828,0.354954,0.275650,0.369396,1.187475,158.851904,0.031759
107,0.167669,-5.393913,0.001565,-8.534941,0.063774,0.020030,0.040037,0.131280,38.706629,88.561636,-49.855007,0.348083,0.289615,0.362303,1.216754,149.410907,0.033887
108,0.258335,-13.960358,0.002647,-5.239765,0.097899,0.028916,0.057749,0.204896,59.485190,105.344711,-45.859520,0.357055,0.264569,0.378375,1.224198,149.844382,0.045011
109,0.220758,-11.739388,0.002343,-6.018263,0.091696,0.033374,0.066623,0.189487,54.363893,95.215233,-40.851340,0.351142,0.273432,0.375426,1.276160,145.860367,0.053411
110,0.192787,-8.876755,0.001968,-7.440284,0.077248,0.026544,0.053009,0.159537,46.781382,94.348096,-47.566714,0.349550,0.281822,0.368628,1.186329,151.703808,0.043706
111,0.213239,-10.269159,0.002033,-6.646229,0.080595,0.024252,0.048454,0.167469,50.091678,99.090268,-48.998590,0.352646,0.277173,0.370181,1.228176,152.952985,0.039375
112,0.236439,-11.558489,0.001829,-6.396738,0.073112,0.010180,0.020349,0.154726,51.174894,118.574048,-67.399154,0.359286,0.274035,0.366679,1.121435,172.824636,0.016372
113,0.244868,-12.689472,0.002393,-5.549170,0.090761,0.025633,0.051214,0.189660,56.148096,104.476446,-48.328350,0.356187,0.268844,0.374968,1.212747,152.068171,0.040411
114,0.269131,-13.768903,0.002629,-5.030439,0.095159,0.023070,0.046101,0.200675,59.002821,109.183921,-50.181100,0.360034,0.262920,0.377046,1.187474,151.483310,0.035877
115,0.216939,-11.543566,0.002123,-6.448095,0.085675,0.028337,0.056608,0.177614,53.208745,98.772638,-45.563893,0.352005,0.275414,0.372581,1.251198,151.823695,0.045581
116,0.250016,-11.192331,0.002006,-6.017654,0.075511,0.008703,0.017399,0.160734,51.124118,117.550635,-66.426516,0.361471,0.270728,0.367801,1.110347,167.101081,0.013959
117,0.229992,-11.473333,0.001977,-6.271782,0.078910,0.017858,0.035691,0.165482,52.128350,108.996615,-56.868265,0.356433,0.274181,0.369386,1.177226,161.657734,0.028787
118,0.253864,-11.336968,0.002012,-5.779058,0.075797,0.007963,0.015919,0.161465,51.524683,118.645698,-67.121016,0.362126,0.269959,0.367915,1.103610,167.070522,0.012764
119,0.210003,-11.411154,0.001698,-7.262624,0.072131,0.016591,0.033163,0.150793,50.386460,112.016361,-61.629901,0.354263,0.279509,0.366228,1.181150,173.423131,0.027124
120,0.212961,-10.083430,0.001862,-6.999225,0.074808,0.018479,0.036931,0.156214,48.787024,104.490832,-55.703808,0.354142,0.278388,0.367471,1.193128,160.740480,0.030172
121,0.255862,-15.444906,0.002485,-5.262312,0.097695,0.029356,0.058628,0.204521,62.368124,109.392102,-47.023977,0.356711,0.265031,0.378257,1.230819,155.128820,0.046148
122,0.276423,-8.284185,0.002066,-5.689458,0.066382,-0.008061,-0.016119,0.145461,44.568406,126.853879,-82.285472,0.369483,0.266955,0.363561,0.995969,169.066291,-0.012633
123,0.244186,-10.765619,0.002103,-5.977267,0.077804,0.012756,0.025488,0.164403,50.622003,112.674471,-62.052468,0.359560,0.271560,0.368880,1.132755,162.054067,0.020240
124,0.291903,-14.779824,0.002867,-4.668420,0.099777,0.021017,0.041985,0.212367,61.609309,114.524965,-52.915656,0.363654,0.257088,0.379258,1.168724,151.721674,0.032247
125,0.207578,-10.347172,0.002226,-6.455408,0.087479,0.032795,0.065485,0.180378,51.286319,91.267137,-39.980818,0.349684,0.276893,0.373423,1.254542,143.347438,0.053103
126,0.279927,-10.661375,0.002588,-5.044503,0.085543,0.010239,0.020463,0.183193,52.104372,111.817772,-59.713399,0.364966,0.262526,0.372508,1.110625,150.220028,0.015965
127,0.231640,-11.252848,0.002018,-6.629946,0.078779,0.017136,0.034245,0.165670,51.633286,109.210719,-57.577433,0.356893,0.273753,0.369354,1.169687,161.615421,0.027517
128,0.248520,-14.834783,0.002651,-5.215235,0.101918,0.035828,0.071528,0.211644,61.605078,101.545275,-39.940197,0.353934,0.265800,0.380266,1.268916,147.896568,0.056105
129,0.249066,-11.248701,0.002961,-5.230574,0.102057,0.035814,0.071486,0.211924,55.007052,91.447109,-36.440056,0.354004,0.265654,0.380342,1.265145,132.569817,0.056007
130,0.213563,-10.978574,0.001778,-6.862276,0.074208,0.017743,0.035455,0.154977,50.205924,108.834979,-58.629055,0.354398,0.278414,0.367188,1.187118,166.751293,0.029010
131,0.201343,-9.732822,0.001887,-6.965444,0.077182,0.024142,0.048231,0.159946,48.569817,98.119041,-49.549224,0.351227,0.280206,0.368567,1.242605,154.430654,0.039777
132,0.200697,-8.692898,0.001560,-7.625443,0.064825,0.011905,0.023794,0.135615,44.472496,108.289140,-63.816643,0.354309,0.282881,0.362810,1.149019,169.326751,0.019890
133,0.152825,-7.533286,0.001638,-8.634683,0.072464,0.032747,0.065395,0.147699,43.607898,84.524683,-40.916784,0.343120,0.290510,0.366371,1.300635,148.458392,0.055428
134,0.147034,-4.887426,0.001095,-11.000686,0.049119,0.010874,0.021734,0.101371,34.404795,99.823695,-65.418900,0.347913,0.296533,0.355554,1.156939,174.361072,0.018875
135,0.153097,-8.296391,0.001883,-8.428924,0.081669,0.041808,0.083440,0.166007,46.500000,78.652174,-32.152174,0.340919,0.288376,0.370705,0.998078,138.869565,0.070323
136,0.183323,-10.835398,0.001828,-7.454662,0.080395,0.032310,0.064520,0.165153,50.823695,94.197461,-43.373766,0.346939,0.282974,0.370087,1.267632,155.089798,0.053582
137,0.187113,-12.149628,0.002101,-6.683105,0.091410,0.042437,0.084683,0.186649,54.873061,89.363329,-34.490268,0.344708,0.280024,0.375268,1.286180,146.713211,0.069499
138,0.157336,-11.007347,0.001484,-8.751128,0.072966,0.031957,0.063827,0.149084,49.548660,96.091961,-46.543300,0.343899,0.289492,0.366609,1.200822,166.967560,0.054024
139,0.188507,-12.063759,0.001939,-7.022184,0.085382,0.035929,0.071717,0.175116,53.740480,94.899295,-41.158815,0.346603,0.280959,0.372438,1.215764,154.952515,0.059080
140,0.162068,-12.010828,0.001829,-8.288916,0.085157,0.042740,0.085262,0.173614,53.413258,89.294781,-35.881523,0.341845,0.285793,0.372362,0.744368,154.283028,0.071629
141,0.161837,-12.086992,0.002531,-6.683586,0.107058,0.064921,0.129085,0.215916,56.540197,74.460085,-17.919887,0.336153,0.281118,0.382729,0.250013,129.196991,0.107323
142,0.257526,-13.698856,0.002536,-5.226099,0.094998,0.026215,0.052364,0.199304,58.736248,106.968688,-48.232440,0.357735,0.265298,0.376967,1.205804,151.371885,0.041234
143,0.200473,-9.323121,0.001772,-8.380186,0.071757,0.018657,0.037285,0.149927,46.949224,102.285190,-55.335966,0.352682,0.281231,0.366087,1.202381,160.399624,0.030841
144,0.241364,-17.401599,0.002907,-5.076489,0.116530,0.052557,0.104765,0.239228,68.162200,95.213258,-27.051058,0.348579,0.264152,0.387268,1.309086,141.693935,0.082065
145,0.181349,-16.576346,0.002127,-6.659922,0.101367,0.053954,0.107510,0.205768,64.159379,92.120451,-27.961072,0.341087,0.278884,0.380029,0.897807,154.485190,0.088022
146,0.111641,-7.763240,0.001129,-11.241608,0.060943,0.032185,0.064282,0.123374,41.406206,87.479549,-46.073343,0.338502,0.300496,0.361003,0.816651,167.812882,0.056576
147,0.135687,-14.499821,0.001942,-7.740877,0.098709,0.063667,0.126692,0.198257,59.561354,79.913963,-20.352609,0.333397,0.287845,0.378758,-0.082851,148.497414,0.106953
148,0.046106,2.866996,0.000265,-39.069584,0.014364,0.002696,0.005392,0.029017,11.631876,91.724401,-80.092525,0.337923,0.322326,0.339751,1.142745,203.022567,0.005137
149,0.150185,-14.783753,0.002031,-7.904663,0.098063,0.059102,0.117549,0.197442,59.823695,84.741608,-24.917913,0.336125,0.285333,0.378542,0.388344,152.909262,0.097794
150,0.139104,-10.071929,0.001455,-8.968922,0.073194,0.037162,0.074163,0.148530,47.799718,89.253597,-41.453879,0.340444,0.292843,0.366713,0.890331,161.630936,0.063567
151,0.143381,-11.924238,0.001534,-8.511210,0.078618,0.041478,0.082743,0.159286,51.885755,90.808745,-38.922990,0.339826,0.290911,0.369262,0.933556,163.690644,0.070283
152,0.132885,-9.103717,0.001128,-10.512125,0.059523,0.025138,0.050219,0.121256,43.204513,99.008181,-55.803667,0.342659,0.296982,0.360359,1.260598,180.817113,0.043416
153,0.144967,-10.482659,0.001628,-8.561788,0.078682,0.041046,0.081892,0.159681,49.544429,86.776023,-37.231594,0.340173,0.290538,0.369289,0.863771,155.461213,0.069675
154,0.171378,-13.087467,0.001601,-7.864674,0.078767,0.033942,0.067775,0.161274,54.284908,100.378561,-46.093653,0.345089,0.285587,0.369324,1.107119,169.215327,0.056758
155,0.164978,-11.003171,0.001367,-8.680014,0.067699,0.024607,0.049170,0.139098,48.566996,103.672779,-55.105783,0.346663,0.289190,0.364147,1.209460,176.210155,0.041611
156,0.124187,-14.896007,0.001468,-9.224062,0.084448,0.052382,0.104428,0.170103,58.031030,88.555148,-30.524118,0.334930,0.293054,0.372016,0.176280,168.013164,0.089395
157,0.153945,-12.880599,0.001696,-7.913225,0.084252,0.044318,0.088314,0.170648,54.448519,91.765303,-37.316784,0.340306,0.287755,0.371939,0.867300,161.782793,0.074069
158,0.129703,-11.905769,0.001292,-9.465875,0.071574,0.038091,0.076046,0.144867,50.438646,93.734556,-43.295910,0.339064,0.294983,0.365954,1.198563,174.132111,0.065364
159,0.105288,-10.492003,0.001551,-9.337523,0.082620,0.055634,0.110851,0.165719,49.939351,75.145557,-25.206206,0.332002,0.296871,0.371127,-0.346098,148.749882,0.096345
160,0.075013,-5.233890,0.001481,-26.143998,0.070836,0.051350,0.102234,0.142187,38.407616,65.687729,-27.280113,0.329753,0.304406,0.365841,-0.392082,140.624824,0.089854
161,0.152376,-14.423808,0.001850,-7.573363,0.093282,0.053756,0.107150,0.188437,58.871650,86.454725,-27.583075,0.337758,0.286071,0.376171,0.823373,154.295722,0.089679
162,0.138247,-12.019056,0.001692,-8.292675,0.085098,0.049363,0.098442,0.171785,53.197461,83.847391,-30.649929,0.337244,0.290460,0.372296,0.742069,153.876822,0.083538
163,0.126557,-11.460252,0.001853,-8.272702,0.090771,0.058222,0.115952,0.182226,52.846262,76.166996,-23.320733,0.333662,0.291343,0.374996,0.155430,144.751293,0.098564
164,0.152725,-16.473334,0.002333,-6.568521,0.113143,0.073740,0.146593,0.226621,65.255289,77.401410,-12.146121,0.332616,0.281747,0.385637,-0.252400,140.224260,0.121160
165,0.156907,-10.659079,0.001733,-8.174421,0.080974,0.040148,0.080099,0.164643,50.362482,87.627927,-37.265444,0.341753,0.287872,0.370375,1.048129,153.047485,0.067350
166,0.184557,-11.534698,0.001827,-7.309688,0.081563,0.033184,0.066268,0.167411,52.346968,95.317913,-42.970945,0.346825,0.282545,0.370630,1.210664,156.189939,0.054851
167,0.230633,-8.488623,0.002469,-5.922468,0.086447,0.025315,0.050578,0.180100,48.052186,91.277010,-43.224824,0.354503,0.272575,0.372922,1.222010,136.067231,0.040506
168,0.168615,-11.646354,0.001815,-7.999558,0.083474,0.039297,0.078435,0.170656,52.641749,90.733145,-38.091396,0.343484,0.284965,0.371551,0.914002,154.293371,0.065756
169,0.144117,-12.158584,0.001745,-8.120527,0.086154,0.048834,0.097388,0.174123,53.691114,84.488293,-30.797179,0.338052,0.289148,0.372800,0.843249,152.980254,0.082261
170,0.145488,-10.963501,0.001612,-8.491389,0.079610,0.041886,0.083593,0.161420,50.685472,86.587870,-35.902398,0.339971,0.290314,0.369715,1.048209,155.244476,0.070888
171,0.077355,1.474258,0.000559,-22.499207,0.026400,0.006655,0.013306,0.053620,18.392102,86.275882,-67.883780,0.340598,0.314212,0.345190,1.171618,177.533615,0.012096
172,0.083420,3.327434,0.000432,-24.697765,0.017240,-0.004070,-0.008140,0.035437,12.947814,93.514245,-80.566432,0.343830,0.315128,0.341042,0.958495,187.723554,-0.007536
173,0.276973,-12.005803,0.002612,-5.052256,0.089933,0.015429,0.030821,0.191703,55.160790,111.326657,-56.165867,0.363255,0.262163,0.374582,1.146174,150.521392,0.024239
174,0.142932,-10.603645,0.001682,-8.480206,0.080624,0.043617,0.086983,0.163167,49.863188,85.640903,-35.777715,0.339219,0.290567,0.370214,0.897267,154.800658,0.073686
175,0.078135,4.233660,0.000373,-29.341076,0.013409,-0.006547,-0.013092,0.027716,10.241185,94.424542,-84.183357,0.343810,0.316868,0.339322,0.901864,192.048895,-0.012108
176,0.217830,-9.908997,0.002168,-6.386555,0.083143,0.025536,0.051002,0.172774,49.884344,96.804513,-46.920169,0.352897,0.275724,0.371380,1.231689,147.910672,0.041357
177,0.174469,-7.507694,0.001326,-9.142116,0.058335,0.012606,0.025202,0.121192,41.029619,104.639210,-63.609591,0.350858,0.289339,0.359803,1.172610,172.580160,0.021376
178,0.126136,-6.855984,0.001717,-8.799431,0.078391,0.045928,0.091643,0.158060,43.337094,71.818900,-28.481805,0.336697,0.294182,0.369120,1.027977,135.131171,0.078739
179,0.104494,-5.539515,0.001228,-11.862206,0.060829,0.033971,0.067827,0.122856,37.641749,79.136248,-41.494499,0.337214,0.301816,0.360970,0.947321,155.369535,0.059691
180,0.172238,-3.097482,0.000962,-11.257198,0.037261,-0.007888,-0.015773,0.079230,28.710860,116.436671,-87.725811,0.355721,0.294161,0.350118,0.971887,190.601787,-0.013334
181,0.190928,-9.439852,0.001982,-6.993054,0.081045,0.031001,0.061908,0.166528,48.485190,91.274471,-42.789281,0.348084,0.281526,0.370389,1.277851,147.959567,0.050859
182,0.214012,-14.420052,0.002323,-6.052282,0.098096,0.041649,0.083093,0.201563,60.042313,96.170945,-36.128632,0.348178,0.273360,0.378462,1.242879,149.940762,0.066788
183,0.059946,3.514515,0.000313,-33.569067,0.014226,-0.001001,-0.002002,0.028951,11.167842,92.011848,-80.844006,0.340373,0.319939,0.339688,1.022453,196.161730,-0.001861
184,0.238034,-7.314099,0.001898,-6.649834,0.065956,0.002504,0.005002,0.140903,42.593794,111.874471,-69.280677,0.361571,0.275079,0.363350,1.072610,161.745651,0.004245
185,0.245905,-9.495078,0.003157,-5.211319,0.102561,0.037211,0.074292,0.212733,51.930889,84.840339,-32.909450,0.353263,0.266185,0.380551,1.281061,123.465444,0.058525
186,0.170197,-7.179535,0.002025,-7.536064,0.081101,0.036718,0.073315,0.165530,44.561354,79.404231,-34.842877,0.344163,0.285435,0.370402,1.276374,134.732957,0.061192
187,0.193978,-10.351870,0.002227,-6.668149,0.089012,0.038116,0.076044,0.182398,51.244006,88.423695,-37.179690,0.346666,0.279179,0.374156,1.194944,142.671838,0.062223
188,0.203297,-12.909553,0.002465,-6.091870,0.100134,0.046758,0.093276,0.204582,57.527504,87.471086,-29.943583,0.345481,0.275103,0.379416,1.362281,140.106253,0.075254
189,0.010417,2.696075,0.000284,-44.561217,0.021726,0.019106,0.038188,0.043459,15.098731,71.194076,-56.095346,0.330202,0.326730,0.343067,-0.885725,175.072873,0.037109
190,0.055419,2.853519,0.000286,-35.236934,0.014093,0.000036,0.000072,0.028602,11.517630,95.136248,-83.618618,0.339604,0.320768,0.339628,1.048096,205.232722,0.000069
191,0.018305,1.898807,0.000379,-36.858180,0.025315,0.020703,0.041379,0.050664,17.136812,72.124118,-54.987306,0.330700,0.324609,0.344691,-0.757364,174.187588,0.039809
192,0.042264,2.697236,0.000348,-33.539715,0.019759,0.009071,0.018140,0.039757,14.414669,81.555430,-67.140762,0.336025,0.321800,0.342176,1.161087,183.382699,0.017272
193,0.040937,3.520020,0.000317,-37.296717,0.017472,0.007118,0.014235,0.035183,12.699577,80.713681,-68.014104,0.336328,0.322525,0.341147,1.019770,181.745651,0.013618
194,0.272936,-15.686879,0.002877,-4.847632,0.105115,0.031921,0.063750,0.220566,63.861777,106.883498,-43.021721,0.358184,0.260020,0.381796,1.237206,148.001881,0.049367
195,0.128404,-5.751691,0.001088,-11.374397,0.053282,0.020076,0.040130,0.108760,36.662906,92.427080,-55.764175,0.343385,0.299153,0.357462,1.262235,170.027268,0.035026
196,0.235262,-12.229276,0.002372,-5.946629,0.090156,0.027615,0.055154,0.188020,55.117066,101.754020,-46.636953,0.354559,0.270739,0.374702,1.210066,150.815233,0.044019
197,0.217055,-7.420575,0.002067,-7.185528,0.074020,0.016426,0.032825,0.155278,44.246827,96.698166,-52.451340,0.355270,0.277608,0.367122,1.181740,146.853315,0.026844
198,0.280108,-9.731906,0.002235,-5.334152,0.073830,-0.001619,-0.003237,0.160419,48.622003,122.151481,-73.529478,0.368207,0.264789,0.367004,1.038416,162.784203,-0.002469
199,0.044068,2.659427,0.000245,-40.917026,0.013724,0.002576,0.005153,0.027712,11.428773,93.655007,-82.226234,0.337718,0.322819,0.339462,1.142569,208.306065,0.004928
200,0.044068,2.659427,0.000245,-40.917026,0.013724,0.002576,0.005153,0.027712,11.428773,93.655007,-82.226234,0.337718,0.322819,0.339462,1.142569,208.306065,0.004928
201,0.064286,2.532869,0.000338,-30.098841,0.016175,-0.000172,-0.000343,0.032920,13.002821,94.909732,-81.906911,0.340685,0.318752,0.340563,1.048572,200.212976,-0.000288
202,0.250125,-15.688172,0.002932,-5.127295,0.111620,0.045050,0.089887,0.230744,64.593794,95.846827,-31.253032,0.351700,0.263377,0.384923,1.314722,139.128820,0.070133
203,0.039421,1.440410,0.000545,-28.499482,0.029989,0.019988,0.039947,0.060221,19.196051,73.244006,-54.047955,0.333206,0.319975,0.346819,-0.212548,167.962388,0.037635
204,0.052823,3.240735,0.000258,-37.658610,0.012537,-0.000848,-0.001696,0.025444,10.409027,95.309450,-84.900423,0.339506,0.321564,0.338930,1.019297,206.682652,-0.001611
205,0.072059,6.047375,0.000359,-39.076047,0.009607,-0.008819,-0.017634,0.020104,6.748942,89.357123,-82.608181,0.343661,0.318716,0.337624,0.814867,185.348378,-0.016391
206,0.208516,-11.921842,0.002539,-6.110592,0.099580,0.044705,0.089179,0.203966,55.730606,86.242313,-30.511707,0.346677,0.274157,0.379166,1.277256,136.311707,0.071758
207,0.206658,-10.676604,0.002315,-6.525221,0.088739,0.034319,0.068422,0.182629,51.502116,94.216925,-42.714810,0.349179,0.276747,0.374074,1.161252,148.096380,0.055321
208,0.049186,1.733395,0.000382,-32.334419,0.021172,0.008697,0.017391,0.042695,15.734838,86.454161,-70.719323,0.336896,0.320282,0.342822,1.265760,191.322050,0.016353
209,0.268245,-11.887247,0.002705,-5.060770,0.094212,0.022165,0.044199,0.199385,55.440056,105.669676,-50.229619,0.360477,0.262895,0.376628,1.086428,144.761166,0.035378
210,0.069933,4.002446,0.000346,-30.509283,0.013860,-0.003945,-0.007889,0.028391,10.668547,92.600846,-81.932299,0.342216,0.318260,0.339524,0.946973,192.126469,-0.007381
211,0.241169,-13.763344,0.002053,-5.812621,0.084064,0.019915,0.039799,0.176401,57.015515,114.387588,-57.372073,0.357280,0.270918,0.371802,1.182637,166.560414,0.031718
212,0.230374,-11.841501,0.002344,-5.935376,0.089346,0.028248,0.056402,0.185844,54.198872,100.539069,-46.340197,0.353741,0.271943,0.374316,1.219638,150.480959,0.045135
213,0.096916,3.715717,0.000533,-21.672881,0.019364,-0.005514,-0.011025,0.040116,13.660085,90.782228,-77.122144,0.345821,0.312176,0.342003,0.937687,175.938881,-0.009922
214,0.265301,-13.493267,0.002297,-5.319244,0.087030,0.015991,0.031968,0.184459,57.289140,115.969535,-58.680395,0.361424,0.265370,0.373207,1.145886,161.108134,0.024909
215,0.229597,-15.536089,0.002659,-5.647577,0.107265,0.046406,0.092561,0.220774,63.482370,94.670522,-31.188152,0.348875,0.268281,0.382844,1.174214,143.763047,0.073446
216,0.227942,-14.358643,0.002624,-5.622920,0.101985,0.041678,0.083112,0.210049,60.377997,96.561354,-36.183357,0.349850,0.269817,0.380333,1.229346,146.885284,0.066021
217,0.168002,-9.596606,0.001517,-8.373792,0.069541,0.025677,0.051303,0.142769,46.572638,97.662623,-51.089986,0.346719,0.288277,0.365004,1.278449,165.489892,0.043160
218,0.153253,7.153327,0.000557,-18.923860,0.006299,-0.033626,-0.067157,0.016274,4.743300,113.392666,-108.649365,0.359584,0.304272,0.336143,0.612651,190.273625,-0.059516
219,0.228045,-11.758405,0.002116,-6.126915,0.084085,0.023662,0.047276,0.175254,53.425952,103.761072,-50.335120,0.354593,0.273580,0.371827,1.210429,155.521392,0.037793
220,0.193713,-14.361722,0.002595,-5.987521,0.109255,0.058598,0.116717,0.221542,61.258110,82.653879,-21.395769,0.341255,0.274969,0.383775,1.157042,136.009403,0.094351
221,0.196749,-10.618694,0.002206,-6.722531,0.088775,0.036942,0.073691,0.182615,51.823695,90.061213,-38.237518,0.347480,0.278476,0.374044,1.111238,143.540668,0.060772
222,0.234200,-12.335145,0.002997,-5.394865,0.106382,0.044353,0.088449,0.219070,57.428773,88.183075,-30.754302,0.349908,0.267680,0.382412,1.253300,132.095440,0.069926
223,0.267762,-15.540008,0.003155,-4.715601,0.113337,0.041793,0.083326,0.235512,64.413258,99.006206,-34.592948,0.354795,0.259453,0.385752,1.243723,139.177715,0.064402
224,0.229975,-7.380812,0.001773,-6.750006,0.064243,0.003148,0.006294,0.136628,42.513399,110.762200,-68.248801,0.360279,0.277192,0.362529,1.074494,162.916314,0.005242
225,0.059152,4.076937,0.000266,-37.031613,0.011063,-0.003952,-0.007903,0.022598,9.015515,95.307757,-86.292243,0.340955,0.320775,0.338270,0.927768,202.993418,-0.007476
226,0.051642,3.432932,0.000281,-37.983518,0.013670,0.000581,0.001161,0.027707,10.809591,91.579126,-80.769535,0.339045,0.321515,0.339440,1.063601,199.666197,0.001101
227,0.226545,-9.204879,0.002045,-6.592506,0.076416,0.016154,0.032273,0.160827,47.706629,103.601693,-55.895063,0.356628,0.275144,0.368229,1.147211,153.979314,0.026640
228,0.231475,-14.482501,0.002711,-5.429603,0.106119,0.044873,0.089522,0.218357,61.399154,93.089986,-31.690832,0.349422,0.268311,0.382268,1.303514,140.729666,0.070897
229,0.188739,-10.265688,0.002155,-6.842941,0.087982,0.038518,0.076865,0.180105,51.008463,87.124118,-36.115656,0.345935,0.280402,0.373664,1.280159,142.434415,0.063137
230,0.186099,-8.520853,0.002028,-7.132053,0.081111,0.032348,0.064578,0.166506,46.912553,87.362200,-40.449647,0.347214,0.282368,0.370418,1.216452,142.761636,0.053440
231,0.050309,2.452580,0.000414,-31.269624,0.022170,0.009419,0.018832,0.044673,15.524683,81.590127,-66.065444,0.336844,0.319881,0.343275,1.229593,179.782793,0.017612
232,0.062024,2.868470,0.000380,-30.278770,0.017787,0.002017,0.004034,0.036121,13.352609,89.487447,-76.134838,0.339918,0.318792,0.341290,1.105952,190.692995,0.003802
233,0.121103,5.487528,0.000544,-20.208274,0.013411,-0.017839,-0.035661,0.028955,9.592384,97.904372,-88.311989,0.351661,0.309014,0.339325,0.764427,178.155148,-0.032217
234,0.180979,8.882237,0.000749,-15.256800,0.005772,-0.041701,-0.083224,0.016751,3.802539,106.261777,-102.459238,0.365200,0.298891,0.335909,0.594274,167.097790,-0.072417
235,0.067579,1.134602,0.000747,-23.864598,0.033879,0.016612,0.033188,0.068429,20.641749,76.754020,-56.112271,0.337141,0.314234,0.348625,1.165082,164.330983,0.030110
236,0.275241,-11.129557,0.002605,-5.377253,0.087657,0.013497,0.026966,0.187501,53.265162,110.238928,-56.973766,0.363644,0.262828,0.373528,1.139497,149.170193,0.021358
237,0.084308,4.580113,0.000390,-27.758612,0.012946,-0.008609,-0.017215,0.026910,9.787024,94.919887,-85.132863,0.345014,0.315872,0.339114,0.860837,189.877292,-0.015921
238,0.208182,-8.173055,0.001922,-7.061459,0.073562,0.018614,0.037199,0.153247,45.297602,97.852186,-52.554584,0.353459,0.279649,0.366892,1.191891,151.948754,0.030354
239,0.069215,3.206324,0.000366,-28.650725,0.016195,-0.001423,-0.002845,0.033043,12.497884,92.326375,-79.828491,0.341545,0.317882,0.340572,1.013931,192.181006,-0.002647
240,0.076019,3.172962,0.000759,-23.212850,0.030045,0.010624,0.021227,0.060875,17.214386,74.263752,-57.049365,0.339490,0.313633,0.346876,1.213291,154.639868,0.018991
241,0.070556,3.048072,0.000366,-27.987294,0.016216,-0.001745,-0.003489,0.033099,12.633286,93.665162,-81.031876,0.341771,0.317648,0.340581,1.003482,194.221909,-0.003264
242,0.083474,3.129135,0.000414,-25.254666,0.016352,-0.004980,-0.009960,0.033684,12.664316,96.500141,-83.835825,0.344061,0.315296,0.340643,0.945519,193.782793,-0.009173
243,0.085128,4.784279,0.000473,-24.369474,0.016802,-0.004955,-0.009909,0.034606,11.571227,85.844288,-74.273061,0.344245,0.314911,0.340845,0.946531,171.492713,-0.009131
244,0.044209,3.505320,0.000222,-45.430212,0.011307,0.000124,0.000248,0.022881,9.427362,94.007898,-84.580536,0.338296,0.323325,0.338379,1.050618,208.655853,0.000243
245,0.064626,4.298939,0.000317,-33.554298,0.012925,-0.003503,-0.007005,0.026413,9.936530,91.342454,-81.405924,0.341487,0.319407,0.339106,0.942922,191.951575,-0.006620
246,0.048173,3.339320,0.000533,-35.602957,0.024378,0.012101,0.024193,0.049202,14.974612,74.583075,-59.608463,0.336008,0.319696,0.344296,0.843787,167.132581,0.022503
247,0.048985,2.768939,0.000386,-39.275548,0.018905,0.006440,0.012878,0.038256,13.420310,85.726093,-72.305783,0.337420,0.320773,0.341807,1.058357,190.423601,0.012133
248,0.059784,3.878948,0.000548,-29.941134,0.023584,0.008370,0.016737,0.047702,14.409027,75.224260,-60.815233,0.338182,0.317900,0.343918,1.212160,162.755524,0.015500
249,0.075712,2.889412,0.000378,-27.838688,0.015922,-0.003415,-0.006826,0.032715,12.574048,96.826234,-84.252186,0.342807,0.316742,0.340451,0.982956,198.230371,-0.006214
250,0.058126,4.499966,0.000273,-37.783183,0.011215,-0.003536,-0.007071,0.022886,8.851904,91.923836,-83.071932,0.340739,0.320923,0.338338,0.934021,196.283498,-0.006707
251,0.254081,-13.088889,0.002543,-5.277930,0.094470,0.026715,0.053358,0.197800,57.486601,104.572073,-47.085472,0.357116,0.266162,0.376722,1.198356,149.369535,0.041968
252,0.068030,4.072037,0.000346,-30.722411,0.014102,-0.003209,-0.006417,0.028839,10.732017,91.129196,-80.397179,0.341822,0.318546,0.339632,0.966283,190.086977,-0.006002
253,0.093949,3.980965,0.000399,-25.102434,0.013051,-0.011015,-0.022027,0.027340,10.328632,101.664034,-91.335402,0.346719,0.314120,0.339161,0.823371,198.018336,-0.020305
254,0.202205,-7.301980,0.002216,-6.878179,0.080020,0.026772,0.053464,0.165456,44.709450,87.990691,-43.281241,0.350615,0.279462,0.369923,1.249745,138.761166,0.043730
255,0.104729,1.904337,0.000938,-20.085493,0.031484,0.004359,0.008702,0.064947,18.881523,85.339633,-66.458110,0.344455,0.307982,0.347563,1.095730,167.239304,0.007408
256,0.054996,1.474571,0.000503,-28.454049,0.026141,0.012156,0.024303,0.052740,17.932299,81.664880,-63.732581,0.336766,0.318162,0.345073,0.993716,178.928068,0.022680
257,0.149592,6.242223,0.000630,-17.608164,0.011145,-0.027823,-0.055568,0.025868,8.019746,106.071650,-98.051904,0.357760,0.303928,0.338312,0.702488,179.892337,-0.048905
258,0.223393,-10.823726,0.002246,-6.170607,0.086352,0.027161,0.054256,0.179624,52.078984,97.614104,-45.535120,0.353195,0.273921,0.372884,1.236070,147.761636,0.043848
259,0.221610,-10.097845,0.002014,-6.495068,0.078328,0.019625,0.039213,0.163683,49.507757,103.120169,-53.612412,0.354916,0.275969,0.369115,1.194262,155.652562,0.031818
260,0.116182,5.688320,0.000564,-21.635247,0.012698,-0.017298,-0.034575,0.027500,8.961918,96.577151,-87.615233,0.350987,0.310008,0.339005,0.778626,178.764457,-0.031125
261,0.205664,-9.025489,0.002080,-7.125892,0.079157,0.024697,0.049320,0.164755,47.653032,95.749506,-48.096474,0.351809,0.278670,0.369520,1.218417,148.700987,0.040903
262,0.260240,-8.047216,0.001909,-6.267160,0.064445,-0.005446,-0.010888,0.140359,43.937941,121.854443,-77.916502,0.366684,0.270681,0.362635,1.017892,167.781382,-0.008309
263,0.226201,-9.282319,0.002172,-6.319439,0.080461,0.020401,0.040757,0.168476,48.514810,99.166432,-50.651622,0.355391,0.274496,0.370113,1.196423,148.175364,0.033284
264,0.107245,2.032845,0.001291,-19.890618,0.040784,0.013038,0.026003,0.083346,20.751763,75.503244,-54.751481,0.342599,0.305557,0.351844,1.144624,149.180066,0.022257
265,0.100131,6.021700,0.000346,-29.868943,0.006399,-0.019324,-0.038625,0.014303,5.188999,105.857546,-100.668547,0.349462,0.314352,0.336186,0.666279,202.153268,-0.035520
266,0.284171,-9.686134,0.002677,-5.118164,0.084232,0.007519,0.015031,0.181684,50.217207,110.462059,-60.244852,0.366425,0.261677,0.371898,1.100066,147.176305,0.012025
267,0.235779,-10.215941,0.002484,-5.960060,0.088014,0.025374,0.050681,0.183674,51.220028,97.333427,-46.113399,0.355145,0.271151,0.373704,1.203642,143.950635,0.040199
268,0.244102,-10.670708,0.002535,-5.650678,0.090505,0.025497,0.050940,0.189413,52.630465,97.805078,-45.174612,0.356226,0.268930,0.374845,1.219345,141.768218,0.040504
269,0.078062,3.456396,0.000625,-24.704688,0.024500,0.004521,0.009036,0.049959,15.433004,79.487165,-64.054161,0.341227,0.314440,0.344333,1.140693,164.029149,0.008332
270,0.250579,-10.591681,0.002716,-5.416152,0.093486,0.026654,0.053221,0.195755,52.779972,97.337377,-44.557405,0.356755,0.266977,0.376268,1.201492,139.371415,0.042125
271,0.221323,-9.902935,0.002494,-6.075473,0.090763,0.032251,0.064408,0.187826,50.916784,90.578279,-39.661495,0.351522,0.273509,0.374969,1.264214,138.661025,0.051717
272,0.026402,3.168282,0.000174,-57.291989,0.011453,0.004804,0.009607,0.023001,9.677010,90.407052,-80.730042,0.335209,0.326347,0.338444,1.073378,210.921016,0.009324
273,0.284308,-13.430867,0.003087,-4.696116,0.103505,0.027001,0.053919,0.218644,59.537377,104.365585,-44.828209,0.361004,0.257958,0.381038,1.183468,140.910202,0.041496
274,0.028270,2.265365,0.000196,-51.384534,0.013391,0.006267,0.012533,0.026893,11.435825,91.974612,-80.538787,0.335087,0.325600,0.339313,1.018504,213.774800,0.012116
275,0.235119,-9.396807,0.002363,-6.446045,0.083535,0.020876,0.041709,0.175412,49.220028,98.543583,-49.323554,0.356389,0.272012,0.371599,1.161235,145.017866,0.033421
276,0.293685,-14.343164,0.002692,-4.679530,0.094581,0.015237,0.030451,0.202661,60.244006,118.368124,-58.124118,0.365516,0.257707,0.376776,1.138206,155.448989,0.023591
277,0.043463,3.100821,0.000257,-40.695366,0.013982,0.002991,0.005981,0.028219,11.244898,90.366181,-79.121283,0.337553,0.322868,0.339579,1.159511,201.480564,0.005713
278,0.042168,3.361446,0.000242,-41.601117,0.013212,0.002555,0.005109,0.026656,10.665726,90.065444,-79.399718,0.337504,0.323264,0.339232,1.144025,201.189469,0.004892
279,0.256458,-6.537313,0.002280,-6.115539,0.071998,0.003268,0.006529,0.154665,42.699577,105.048801,-62.349224,0.363843,0.270007,0.366150,1.071349,146.488952,0.005597
280,0.217818,-3.644261,0.001604,-8.279909,0.052508,-0.005384,-0.010765,0.113006,34.014104,107.062341,-73.048237,0.361037,0.281838,0.357125,1.007385,160.272685,-0.008657
281,0.036409,4.090584,0.000204,-52.052701,0.010874,0.001681,0.003362,0.021932,8.794076,89.058110,-80.264034,0.337051,0.324763,0.338186,1.111001,201.993888,0.003245
282,0.185940,-6.588439,0.001442,-8.622602,0.058761,0.009895,0.019783,0.122684,39.664316,103.467983,-63.803667,0.352950,0.287048,0.360002,1.140667,166.987306,0.016614
283,0.086963,6.416557,0.000370,-30.095542,0.009106,-0.013137,-0.026267,0.019283,6.579690,91.787588,-85.207898,0.346386,0.316219,0.337395,0.758103,181.622003,-0.024385
284,0.279810,-12.435076,0.002852,-4.814919,0.097367,0.022186,0.044329,0.206143,57.038082,105.031312,-47.993230,0.361693,0.260215,0.378092,1.179099,142.369535,0.034333
285,0.202654,-8.456039,0.001900,-7.610494,0.073784,0.020240,0.040444,0.153656,45.689704,97.478138,-51.788434,0.352445,0.280543,0.367012,1.204755,153.592384,0.033264
286,0.248324,-7.836395,0.002628,-5.693131,0.085692,0.019455,0.038875,0.180401,46.908322,93.779408,-46.871086,0.358378,0.269048,0.372573,1.180173,134.478138,0.030963
287,0.245320,-9.411196,0.002319,-5.939885,0.081108,0.015671,0.031315,0.171241,48.922426,103.432440,-54.510014,0.359017,0.270555,0.370428,1.139474,149.002821,0.025075
288,0.248280,-8.401151,0.002412,-5.779184,0.081791,0.015475,0.030925,0.173037,47.434415,99.723272,-52.288858,0.359523,0.269749,0.370727,1.161699,141.897978,0.025044
289,0.187023,-10.005574,0.002150,-7.154448,0.087608,0.038554,0.076960,0.179412,50.602257,85.987306,-35.385049,0.345731,0.280770,0.373499,1.313784,140.692525,0.063181
290,0.018532,3.557001,0.000303,-59.103235,0.018883,0.014202,0.028391,0.037840,12.640339,74.394358,-61.754020,0.332200,0.326003,0.341797,-0.382047,179.274565,0.027326
291,0.105629,4.302224,0.000641,-19.716332,0.020720,-0.006441,-0.012880,0.043059,13.561354,87.046827,-73.485472,0.347061,0.310328,0.342611,0.937936,166.126939,-0.011664
292,0.191699,-6.352764,0.001841,-7.878825,0.069725,0.019296,0.038563,0.144686,41.437236,91.605924,-50.168688,0.351263,0.283629,0.365108,1.204441,147.177715,0.031899
293,0.142699,2.289584,0.001720,-10.881187,0.053253,0.016189,0.032357,0.109358,24.793363,64.441629,-39.648265,0.346061,0.296479,0.357461,1.181748,114.177476,0.027956
294,0.256351,-11.041893,0.002895,-5.310992,0.097983,0.029518,0.058952,0.205052,54.200282,95.738787,-41.538505,0.356699,0.264892,0.378409,1.233083,136.301363,0.046198
295,0.229079,-13.046615,0.003411,-5.170910,0.120378,0.059923,0.119322,0.245517,60.221439,79.295063,-19.073625,0.345117,0.265756,0.389127,1.213786,121.274565,0.094007
296,0.197069,-7.074071,0.002028,-7.436494,0.075726,0.023811,0.047572,0.156910,43.699577,89.667419,-45.967842,0.350800,0.281292,0.367908,1.221559,142.573108,0.039240
297,0.032332,1.792463,0.000273,-40.398896,0.018077,0.009912,0.019820,0.036312,14.314528,86.716220,-72.401693,0.334722,0.323858,0.341420,0.449562,199.987306,0.019059
298,0.297391,-11.690601,0.002860,-4.663813,0.092388,0.011973,0.023937,0.198727,55.262341,111.733992,-56.471650,0.366866,0.257404,0.375730,1.118257,145.091208,0.018472
299,0.056682,4.928105,0.000334,-36.841113,0.013695,-0.000701,-0.001402,0.027859,9.764706,83.793464,-74.028758,0.339935,0.320615,0.339451,1.031845,180.581699,-0.001272
300,0.222639,-9.401188,0.002582,-6.093036,0.091361,0.032445,0.064791,0.189203,50.260931,88.541326,-38.280395,0.351668,0.273077,0.375256,1.269186,134.504466,0.052040
301,0.091012,5.515952,0.000499,-24.410256,0.015465,-0.007838,-0.015674,0.032102,10.331453,85.352045,-75.020592,0.345627,0.314128,0.340245,0.889721,168.223319,-0.014421
302,0.191628,-4.895062,0.002240,-7.819347,0.075973,0.025521,0.050989,0.157128,39.834979,80.863470,-41.028491,0.349691,0.282269,0.368041,1.245453,131.326751,0.042023
303,0.049184,5.783594,0.000219,-50.597897,0.007838,-0.004620,-0.009239,0.016012,6.038082,88.769817,-82.731735,0.339956,0.323216,0.336828,0.870608,193.984485,-0.008833
304,0.203439,-7.811795,0.001820,-7.828478,0.069589,0.015773,0.031525,0.145592,43.808181,100.293371,-56.485190,0.353729,0.281217,0.365053,1.162036,157.168782,0.026069
305,0.047014,4.086399,0.000278,-41.495407,0.012983,0.001064,0.002127,0.026310,10.000000,87.365303,-77.365303,0.338423,0.322447,0.339131,1.080130,193.388811,0.002126
306,0.094932,6.869372,0.000405,-28.249861,0.008822,-0.015515,-0.031019,0.018945,6.231312,91.124965,-84.893653,0.347914,0.314818,0.337268,0.735468,176.670428,-0.028604
307,0.203088,-6.631205,0.001966,-7.460206,0.072264,0.018638,0.037247,0.150604,42.480959,92.548096,-50.067137,0.352900,0.280813,0.366287,1.202837,144.874941,0.030744
308,0.035889,5.564055,0.000181,-62.237472,0.007975,-0.001086,-0.002173,0.016134,6.205924,86.132581,-79.926657,0.337624,0.325487,0.336889,0.988660,195.319229,-0.002084
309,0.278209,-8.450362,0.003193,-5.532085,0.093635,0.018587,0.037133,0.199593,49.188999,95.750917,-46.561918,0.362668,0.260959,0.376373,1.161190,129.500705,0.028997
310,0.063405,5.596433,0.000257,-40.248692,0.008021,-0.008099,-0.016195,0.016607,6.332863,93.591537,-87.258674,0.342418,0.320673,0.336909,0.811230,196.673249,-0.015286
311,0.022442,4.018841,0.000159,-68.172125,0.010027,0.004377,0.008754,0.020134,8.239774,87.346685,-79.106911,0.334865,0.327329,0.337806,0.738028,206.191349,0.008552
312,0.047553,4.648597,0.000279,-40.738350,0.012796,0.000755,0.001510,0.025904,9.503526,84.875035,-75.371509,0.338537,0.322416,0.339047,1.081326,187.063470,0.001458
313,0.277413,-9.801594,0.003527,-4.779361,0.106230,0.031753,0.063390,0.223150,53.107193,89.466008,-36.358815,0.358823,0.258841,0.382335,1.229874,122.049365,0.049000
314,0.068926,4.393186,0.000298,-33.948973,0.010887,-0.006662,-0.013323,0.022443,8.739069,96.498731,-87.759661,0.342736,0.319073,0.338191,0.875397,200.356370,-0.012473
315,0.264776,-10.001683,0.002650,-5.232490,0.089020,0.018127,0.036228,0.188373,51.380818,101.797179,-50.416361,0.360832,0.265035,0.374133,1.163136,141.165021,0.028485
316,0.187579,-6.165794,0.002158,-7.244690,0.079096,0.029899,0.059723,0.162723,42.688293,81.508604,-38.820310,0.348025,0.282510,0.369465,1.292914,132.251528,0.049436
317,0.067858,4.809044,0.000306,-34.059083,0.011069,-0.006199,-0.012396,0.022774,8.585331,93.050212,-84.464880,0.342496,0.319231,0.338273,0.880872,193.668547,-0.011643
318,0.046489,4.811803,0.000228,-47.253052,0.009932,-0.001836,-0.003673,0.020166,7.840621,89.484626,-81.644006,0.339010,0.323226,0.337764,0.981774,197.307475,-0.003495
319,0.288968,-8.412212,0.002304,-5.221707,0.072143,-0.005923,-0.011838,0.158205,46.157969,121.791819,-75.633850,0.370639,0.263126,0.366234,1.014712,158.601316,-0.009041
320,0.221628,-5.104167,0.002506,-6.321836,0.080617,0.022004,0.043974,0.167924,41.443769,82.439514,-40.995745,0.354211,0.275606,0.370183,1.204077,124.401216,0.035390
321,0.073930,5.265219,0.000328,-33.049222,0.010237,-0.008612,-0.017222,0.021249,7.847673,93.348942,-85.501269,0.343781,0.318319,0.337901,0.833978,191.614010,-0.016092
322,0.062591,5.271181,0.000291,-38.700445,0.010109,-0.005804,-0.011606,0.020772,7.641749,90.813540,-83.171791,0.341793,0.320364,0.337844,0.876382,191.977433,-0.010946
323,0.071344,6.381801,0.000289,-43.297024,0.007024,-0.011168,-0.022329,0.014807,5.407616,92.182228,-86.774612,0.344084,0.319449,0.336467,0.754623,190.135402,-0.020931
324,0.217844,-6.701736,0.002113,-7.068573,0.073233,0.015514,0.031004,0.153483,42.661495,95.955148,-53.293653,0.355518,0.277723,0.366759,1.166758,146.000940,0.025106
325,0.075207,4.498392,0.000366,-29.930803,0.013094,-0.006099,-0.012194,0.027014,9.942172,92.304937,-82.362764,0.343363,0.317456,0.339182,0.920625,189.162670,-0.011268
326,0.091347,6.631520,0.000427,-28.337843,0.010059,-0.013337,-0.026667,0.021319,6.901269,89.225670,-82.324401,0.346964,0.315214,0.337823,0.765790,175.203103,-0.024665
327,0.236161,-5.266624,0.003750,-5.248974,0.106174,0.043679,0.087103,0.218635,44.413174,68.364671,-23.951497,0.350289,0.267423,0.382288,1.255301,101.984531,0.068812
328,0.091975,6.826402,0.000478,-27.203103,0.011516,-0.012062,-0.024115,0.024287,7.634697,83.918477,-76.283780,0.346764,0.314763,0.338474,0.813520,165.349318,-0.022140
329,0.197617,-7.955669,0.001994,-7.034251,0.077717,0.025751,0.051455,0.160629,45.665726,90.231594,-44.565867,0.350300,0.280882,0.368818,1.233255,143.346497,0.042314
330,0.296861,-12.780850,0.003206,-4.573609,0.101858,0.021648,0.043236,0.216986,58.198872,107.341326,-49.142454,0.364147,0.255589,0.380265,1.169375,140.827457,0.033033
331,0.041436,4.236189,0.000273,-45.876711,0.013547,0.003054,0.006108,0.027367,10.057828,84.413822,-74.355994,0.337321,0.323293,0.339387,1.098858,189.603667,0.005858
332,0.131043,8.741193,0.000535,-21.653357,0.005654,-0.028234,-0.056420,0.013804,3.700987,93.493371,-89.792384,0.355377,0.308771,0.335852,0.618947,165.337565,-0.050979
333,0.282630,-7.905910,0.002531,-5.276603,0.077037,0.000822,0.001644,0.167132,46.021157,111.319887,-65.298731,0.367940,0.263539,0.368521,1.054998,147.847203,0.001401
334,0.049673,7.038523,0.000196,-65.282059,0.004771,-0.007824,-0.015645,0.009913,3.596615,87.126093,-83.529478,0.340760,0.323780,0.335460,0.743846,190.191819,-0.014939
335,0.059588,4.968023,0.000394,-30.598343,0.016781,0.001651,0.003301,0.034044,11.288961,78.540909,-67.251948,0.339715,0.319450,0.340835,1.095024,167.873377,0.003136
336,0.249076,-8.570829,0.002552,-5.786350,0.084297,0.017771,0.035499,0.177929,47.974612,98.611001,-50.636389,0.358993,0.269069,0.371937,1.172055,140.523272,0.028405
337,0.041244,5.064511,0.000184,-56.421805,0.007830,-0.002593,-0.005187,0.015891,6.393512,91.261213,-84.867701,0.338576,0.324600,0.336824,0.930512,203.691114,-0.004991
338,0.050788,5.365449,0.000242,-46.061825,0.009329,-0.003548,-0.007096,0.019032,7.186178,88.378279,-81.192102,0.339905,0.322601,0.337494,0.935518,192.672308,-0.006713
339,0.219639,-6.946282,0.002156,-6.742218,0.075833,0.017642,0.035257,0.158730,43.655853,94.328350,-50.672496,0.355219,0.276832,0.367950,1.182241,142.569346,0.028767
340,0.236090,-13.506399,0.002201,-5.835242,0.088437,0.025734,0.051390,0.184503,57.143865,108.205642,-51.061777,0.355114,0.271002,0.373884,1.216902,159.466855,0.040980
341,0.090809,7.089707,0.000464,-27.447803,0.011434,-0.011819,-0.023635,0.024049,7.325733,82.867101,-75.541368,0.346539,0.315024,0.338437,0.795459,162.939197,-0.021844
342,0.050728,5.304471,0.000218,-50.192915,0.007789,-0.005068,-0.010135,0.015942,6.248237,92.458110,-86.209873,0.340242,0.322951,0.336807,0.863909,201.365773,-0.009663
343,0.066038,6.407543,0.000426,-36.992740,0.012920,-0.003931,-0.007860,0.026567,8.177715,78.480113,-70.302398,0.341809,0.319086,0.339105,0.953351,166.259991,-0.007215
344,0.062484,6.343748,0.000306,-42.118617,0.008884,-0.007021,-0.014038,0.018364,6.217207,86.527504,-80.310296,0.342082,0.320616,0.337302,0.849782,183.267513,-0.013219
345,0.133226,0.867492,0.000855,-20.676677,0.029415,-0.005451,-0.010899,0.062364,20.170663,99.733992,-79.563329,0.350405,0.302989,0.346606,0.954698,179.964739,-0.009685
346,0.101469,6.194533,0.000390,-27.333451,0.007866,-0.018195,-0.036373,0.017235,5.978843,100.779408,-94.800564,0.349342,0.313816,0.336841,0.698139,192.348378,-0.033429
347,0.214600,-4.201540,0.002913,-6.334073,0.087042,0.030342,0.060591,0.180212,40.401975,74.609027,-34.207052,0.351255,0.275533,0.373212,1.260493,114.490362,0.049173
348,0.065597,6.820420,0.000276,-40.083095,0.007309,-0.009370,-0.018737,0.015206,5.343305,87.073219,-81.729915,0.342961,0.320448,0.336592,0.771701,181.894112,-0.017719
349,0.042682,5.815632,0.000331,-49.719928,0.013898,0.003077,0.006152,0.028093,8.929478,75.492525,-66.563047,0.337449,0.322993,0.339558,1.068473,169.354960,0.005718
350,0.246134,-10.127767,0.002640,-6.073415,0.087254,0.021468,0.042886,0.183724,50.977433,100.533992,-49.556559,0.357659,0.268984,0.373357,1.174259,145.361542,0.034080
351,0.089935,5.744753,0.000379,-28.273736,0.010017,-0.013024,-0.026035,0.021234,7.541608,95.124118,-87.582511,0.346750,0.315447,0.337804,0.792898,186.848613,-0.023945
352,0.101456,7.992824,0.000369,-30.124031,0.004527,-0.021534,-0.043038,0.010571,3.245416,95.147250,-91.901834,0.350138,0.314511,0.335351,0.632876,180.613540,-0.039621
353,0.036012,4.314348,0.000210,-51.294334,0.011058,0.001965,0.003930,0.022299,8.760226,87.170945,-78.410719,0.336944,0.324789,0.338267,1.107896,198.057358,0.003810
354,0.036968,5.506501,0.000169,-62.453055,0.007149,-0.002185,-0.004370,0.014485,5.726375,88.736812,-83.010437,0.337995,0.325486,0.336520,0.940864,200.362012,-0.004212
355,0.242605,-11.404456,0.002403,-5.892150,0.088095,0.023481,0.046906,0.184541,53.370945,102.968688,-49.597743,0.356540,0.269714,0.373747,1.201898,150.099671,0.037048
356,0.227586,-10.047449,0.002289,-6.502075,0.084293,0.023783,0.047498,0.176249,50.351199,99.200282,-48.849083,0.354696,0.273356,0.371947,1.197387,147.812882,0.038397
357,0.286896,-7.124247,0.003016,-5.129623,0.084608,0.007173,0.014332,0.182400,45.571227,101.946968,-56.375740,0.366781,0.261118,0.372101,1.090098,135.303244,0.011040
358,0.078172,4.698533,0.000501,-26.353043,0.017727,-0.002256,-0.004511,0.036391,11.834979,83.086883,-71.251904,0.342826,0.315911,0.341263,1.013319,170.063470,-0.004060
359,0.041632,4.215728,0.000205,-50.628593,0.009869,-0.000657,-0.001313,0.019979,8.117066,92.027362,-83.910296,0.338182,0.324083,0.337735,1.027941,205.648331,-0.001242
360,0.162080,-3.901124,0.001362,-11.597647,0.052551,0.010042,0.020076,0.109405,33.600846,95.257828,-61.656982,0.350047,0.292782,0.357171,1.132192,162.744711,0.017097
361,0.202874,-7.847965,0.001585,-8.135945,0.062843,0.009174,0.018338,0.132247,42.598025,108.341326,-65.743300,0.355368,0.282725,0.361908,1.133288,168.734368,0.015383
362,0.032846,3.081422,0.000191,-51.284002,0.011503,0.003218,0.006435,0.023154,9.779972,92.658956,-82.878984,0.336297,0.325237,0.338466,1.177311,212.400094,0.006231
363,0.253691,-10.325446,0.002377,-6.115467,0.082352,0.014340,0.028660,0.174989,50.703808,108.070804,-57.366996,0.360565,0.268384,0.371052,1.150486,152.995769,0.022782
364,0.051032,3.250275,0.000272,-37.587295,0.013551,0.000617,0.001235,0.027466,10.950635,92.519041,-81.568406,0.338971,0.321644,0.339385,1.075857,201.904090,0.001207
365,0.057728,4.280539,0.000274,-38.310651,0.011178,-0.003478,-0.006955,0.022822,8.891396,93.313963,-84.422567,0.340688,0.320990,0.338322,0.943544,199.934650,-0.006562
366,0.278917,-9.160382,0.003363,-4.908666,0.098891,0.023820,0.047564,0.209502,51.094499,94.697320,-43.602821,0.361294,0.259862,0.378844,1.193642,127.425482,0.037137
367,0.042809,4.447602,0.000278,-43.986367,0.013296,0.002470,0.004939,0.026843,9.686883,84.482370,-74.795487,0.337597,0.323130,0.339273,1.123322,188.820404,0.004689
368,0.316644,-16.327481,0.003269,-4.302512,0.107470,0.021386,0.042721,0.230468,65.626234,118.177997,-52.551763,0.366869,0.250145,0.382986,1.157985,150.268453,0.031888
369,0.191115,-6.697054,0.002358,-7.199736,0.085096,0.034890,0.069677,0.174829,44.390691,78.950353,-34.559661,0.347188,0.280512,0.372301,1.270374,128.208745,0.057259
370,0.245519,-11.494784,0.002253,-5.653968,0.085138,0.019789,0.039558,0.178811,53.328632,105.788434,-52.459803,0.357838,0.269865,0.372297,1.178619,152.809121,0.031371
371,0.232591,-9.482829,0.002244,-6.595753,0.081234,0.019286,0.038545,0.170723,49.009873,100.438364,-51.428491,0.356486,0.273008,0.370505,1.183416,148.446168,0.030999
372,0.330363,-11.750409,0.002905,-4.383854,0.086044,-0.004373,-0.008745,0.191372,54.684062,128.022285,-73.338223,0.376064,0.251168,0.372768,1.025553,155.791725,-0.006503
373,0.259901,-7.565179,0.002183,-6.128302,0.069746,-0.000004,-0.000009,0.150624,43.856135,113.245698,-69.389563,0.365124,0.269751,0.365125,1.048344,157.712741,-0.000009
374,0.259846,-9.680107,0.002664,-5.382752,0.089028,0.019550,0.039059,0.187886,50.662906,100.184485,-49.521580,0.359813,0.266035,0.374152,1.172000,140.377527,0.030746
375,0.267135,-5.880834,0.002372,-6.119209,0.068699,-0.003131,-0.006260,0.149245,41.040903,108.621157,-67.580254,0.366887,0.268441,0.364673,1.018248,148.661025,-0.005322
376,0.271586,-8.397965,0.002723,-5.322088,0.084695,0.011731,0.023446,0.180866,47.901269,102.359944,-54.458674,0.363505,0.264380,0.372115,1.123883,139.685943,0.018446
377,0.274727,-12.314133,0.003046,-4.750241,0.103159,0.029591,0.059106,0.216492,57.428773,98.673343,-41.244570,0.358933,0.260220,0.380847,1.217602,135.573578,0.045574
378,0.242399,-7.918368,0.002738,-5.840668,0.088863,0.024307,0.048559,0.186049,47.324401,90.423413,-43.099013,0.356304,0.269593,0.374103,1.208782,131.755524,0.038418
379,0.087886,7.824504,0.000291,-37.943447,0.002676,-0.019837,-0.039646,0.006531,2.129760,97.116502,-94.986742,0.348104,0.317370,0.334526,0.605768,191.397273,-0.036828
380,0.220748,-6.250001,0.003644,-5.657313,0.106087,0.047883,0.095391,0.217220,45.921016,70.529196,-24.608181,0.347297,0.270399,0.382304,1.284959,107.982134,0.075846
381,0.218971,-10.135478,0.003250,-5.638446,0.109147,0.051471,0.102591,0.222990,53.404795,77.405360,-24.000564,0.346083,0.270157,0.383760,1.376661,120.876822,0.081355
382,0.250878,-9.307755,0.002503,-5.529848,0.086233,0.019370,0.038710,0.181392,49.640339,98.655853,-49.015515,0.358635,0.268546,0.372819,1.172659,140.866479,0.030557
383,0.314177,-11.464825,0.004264,-4.156133,0.115719,0.030524,0.060912,0.245679,57.279267,95.236389,-37.957123,0.363959,0.249111,0.386930,1.203028,122.124118,0.045630
384,0.292239,-13.551846,0.003116,-4.605351,0.102843,0.024006,0.047937,0.218300,59.727786,107.836671,-48.108886,0.362883,0.256379,0.380738,1.182963,142.777621,0.036701
385,0.322377,-5.970367,0.002563,-4.935048,0.065656,-0.022538,-0.045027,0.150681,41.211566,128.311142,-87.099577,0.380087,0.256701,0.363212,0.926249,156.054067,-0.033995
386,0.150617,8.591946,0.000538,-19.849949,0.003414,-0.035772,-0.071431,0.010309,2.540197,107.137094,-104.596897,0.359744,0.305401,0.334855,0.578455,180.360602,-0.063596
387,0.170905,-5.066169,0.001597,-9.414989,0.062135,0.017346,0.034674,0.128602,37.657264,90.442595,-52.785331,0.349247,0.289180,0.361573,1.189079,152.008933,0.029343
388,0.215588,-6.183701,0.002538,-6.279512,0.084646,0.027705,0.055301,0.175459,43.562130,83.409467,-39.847337,0.352053,0.275863,0.372084,1.132577,127.381657,0.044952
389,0.225716,-10.256340,0.002460,-6.253648,0.089935,0.030091,0.060105,0.186766,51.479549,93.287729,-41.808181,0.352665,0.272725,0.374610,1.254585,141.377527,0.047985
390,0.137253,-4.586307,0.001247,-13.135038,0.054524,0.018836,0.037645,0.111802,35.002821,89.521298,-54.518477,0.344758,0.297152,0.358090,1.243129,161.948754,0.032183
391,0.252682,-9.106726,0.002789,-5.427831,0.091181,0.023786,0.047512,0.191300,49.823695,94.563329,-44.739633,0.357717,0.267106,0.375177,1.196649,135.032440,0.037368
392,0.254652,-6.841486,0.002920,-5.505706,0.088217,0.020209,0.040379,0.185832,45.446043,89.676259,-44.230216,0.358951,0.267276,0.373774,1.177371,127.293765,0.031792
393,0.247883,-11.154175,0.002407,-5.847385,0.087008,0.020755,0.041471,0.183367,53.015515,104.258956,-51.243441,0.358086,0.268707,0.373207,1.167995,149.051716,0.033201
394,0.250483,-10.989317,0.002484,-5.766133,0.087699,0.020802,0.041550,0.184616,52.612130,104.039492,-51.427362,0.358321,0.268121,0.373558,1.181016,149.104372,0.032855
395,0.056997,4.115444,0.000345,-37.168451,0.014681,0.000190,0.000380,0.029868,10.732017,87.016361,-76.284344,0.339774,0.320330,0.339896,1.057769,187.920545,0.000411
396,0.089721,6.353306,0.000382,-30.551355,0.008906,-0.014086,-0.028160,0.019025,6.420310,93.761918,-87.341608,0.346969,0.315723,0.337308,0.752866,184.385990,-0.026000
397,0.281048,-13.415516,0.003110,-4.747855,0.104045,0.028582,0.057071,0.218978,59.387870,103.628209,-44.240339,0.360039,0.258640,0.381321,1.206085,141.402915,0.043576
398,0.281048,-13.415516,0.003110,-4.747855,0.104045,0.028582,0.057071,0.218978,59.387870,103.628209,-44.240339,0.360039,0.258640,0.381321,1.206085,141.402915,0.043576
399,0.241184,-7.328938,0.002160,-6.271823,0.073528,0.009270,0.018535,0.155912,44.172073,102.327221,-58.155148,0.360122,0.273013,0.366865,1.113145,147.969911,0.014848
400,0.128707,6.651666,0.000500,-21.097012,0.008361,-0.024930,-0.049817,0.019192,6.193230,103.788152,-97.594922,0.354327,0.308611,0.337063,0.673126,184.901740,-0.044857
401,0.225156,-5.405113,0.001945,-6.926852,0.065307,0.005547,0.011090,0.138404,39.355430,100.676164,-61.320733,0.359050,0.277915,0.363035,1.092851,149.644570,0.009135
402,0.235650,-12.870590,0.002577,-5.683307,0.096671,0.034141,0.068161,0.200455,57.101551,98.249083,-41.147532,0.352792,0.269413,0.377796,1.270138,146.255289,0.053919
403,0.212506,-6.687364,0.002011,-7.601804,0.071138,0.014813,0.029610,0.149226,42.368124,96.220310,-53.852186,0.355078,0.279137,0.365785,1.165768,147.833568,0.024114
404,0.269430,-8.940735,0.003563,-4.961371,0.102579,0.030429,0.060683,0.214951,50.706629,90.194922,-39.488293,0.358100,0.261237,0.380663,1.208493,124.969441,0.046829
405,0.294086,-14.202188,0.003197,-4.517667,0.105916,0.026601,0.053130,0.224311,61.297602,107.456135,-46.158533,0.362362,0.255442,0.382197,1.195070,142.261401,0.040470
406,0.221393,-7.139707,0.001955,-7.279101,0.069969,0.011179,0.022341,0.147531,43.121298,101.614951,-58.493653,0.357156,0.277611,0.365233,1.132583,151.789845,0.018215
407,0.235692,-5.395217,0.002751,-6.272768,0.081816,0.019093,0.038139,0.171776,41.771509,87.449365,-45.677856,0.356859,0.272351,0.370790,1.167579,128.552891,0.030454
408,0.205894,-2.887860,0.003484,-6.283841,0.095760,0.041550,0.082888,0.196488,38.976744,63.573422,-24.596678,0.347235,0.275414,0.377351,1.202538,99.589147,0.067097
409,0.266387,-7.427344,0.002674,-5.458807,0.082548,0.011124,0.022241,0.175973,45.912553,98.920169,-53.007616,0.362916,0.265986,0.371098,1.117281,136.636577,0.017395
410,0.217391,-4.999858,0.002471,-6.617407,0.079503,0.021975,0.043915,0.165694,40.980254,82.850494,-41.870240,0.353761,0.276567,0.369672,1.211937,126.025388,0.035581
411,0.255701,-9.625382,0.002540,-5.536052,0.086153,0.017828,0.035625,0.181925,50.138223,101.700987,-51.562764,0.359737,0.267462,0.372800,1.163136,143.582040,0.028109
412,0.225183,-8.766268,0.002317,-6.197440,0.082737,0.023092,0.046136,0.172479,47.882934,95.105501,-47.222567,0.354425,0.274391,0.371184,1.208342,142.902210,0.037173
413,0.212793,-2.230653,0.002486,-6.815617,0.073166,0.016950,0.033862,0.152764,35.176305,78.942736,-43.766432,0.354496,0.278805,0.366699,1.169014,120.336624,0.027768
414,0.315982,-9.473732,0.003288,-4.360065,0.092634,0.006638,0.013251,0.201892,51.205924,110.198307,-58.992384,0.371034,0.253088,0.375878,1.090792,137.173954,0.010542
415,0.289282,-9.005178,0.002587,-5.084643,0.080012,0.001886,0.003770,0.173664,48.495063,113.432158,-64.937094,0.368516,0.261581,0.369902,1.059919,149.173484,0.002963
416,0.237231,-5.572499,0.002305,-6.408473,0.072912,0.009647,0.019270,0.154752,41.039492,96.518195,-55.478702,0.359671,0.273740,0.366590,1.125686,139.488011,0.015953
417,0.186874,-5.277929,0.002083,-7.477959,0.075246,0.026233,0.052421,0.155102,40.692525,81.340197,-40.647673,0.348862,0.283480,0.367659,1.267953,131.722144,0.043461
418,0.303366,-12.136733,0.002947,-4.523077,0.094444,0.012332,0.024649,0.203266,56.297602,113.103244,-56.805642,0.367530,0.255756,0.376714,1.116168,145.606488,0.018792
419,0.257961,-10.451243,0.003458,-4.973570,0.108242,0.039467,0.078733,0.224760,54.203103,86.433286,-32.230183,0.354169,0.262517,0.383314,1.281179,123.726375,0.061230
420,0.251663,-9.823272,0.002744,-5.739156,0.088847,0.021459,0.042856,0.187475,50.747532,100.305219,-49.557687,0.358438,0.267462,0.374100,1.152036,142.081335,0.034227
421,0.316736,-10.083893,0.002561,-4.807787,0.077143,-0.009243,-0.018480,0.172037,50.356841,128.680113,-78.323272,0.375485,0.255938,0.368577,0.996817,159.033850,-0.013992
422,0.186558,-4.430791,0.001868,-8.447160,0.066396,0.017300,0.034573,0.138024,37.620592,87.324965,-49.704372,0.351218,0.285228,0.363554,1.193339,141.246827,0.029018
423,0.283525,-15.283109,0.003440,-4.541860,0.115974,0.039862,0.079555,0.242295,64.454161,98.952891,-34.498731,0.357289,0.255685,0.387026,1.266448,134.891866,0.060585
424,0.313325,-11.168038,0.003507,-4.323449,0.100944,0.015903,0.031782,0.217165,55.238364,105.866291,-50.627927,0.367891,0.252281,0.379827,1.131167,135.000470,0.023875
425,0.262863,-10.862182,0.003367,-4.915630,0.107113,0.036915,0.073683,0.223140,54.953456,89.077010,-34.123554,0.355485,0.261765,0.382750,1.250992,126.060179,0.057238
426,0.278132,-9.310439,0.002871,-5.365462,0.086971,0.011987,0.023950,0.186368,49.708039,105.827080,-56.119041,0.364376,0.262397,0.373227,1.124171,143.056888,0.018656
427,0.287509,-12.860007,0.002738,-4.812580,0.093560,0.016086,0.032155,0.199677,57.297602,112.500987,-55.203385,0.364366,0.259337,0.376297,1.140626,149.950165,0.024718
428,0.266668,-8.363007,0.002623,-5.434187,0.083278,0.011692,0.023364,0.177725,47.641749,102.929196,-55.287447,0.362913,0.265642,0.371445,1.126781,141.082746,0.018592
429,0.248164,-11.284075,0.002066,-5.902239,0.077846,0.011630,0.023250,0.164995,51.693935,114.654161,-62.960226,0.360407,0.270706,0.368887,1.127504,163.669958,0.018532
430,0.222394,-4.871031,0.001430,-8.193111,0.048884,-0.010318,-0.020621,0.106286,34.923836,120.840339,-85.916502,0.362976,0.281578,0.355446,0.975909,178.261401,-0.016428
431,0.199002,-5.457494,0.001757,-8.672995,0.062149,0.009508,0.019005,0.130681,38.300423,99.420310,-61.119887,0.354816,0.283585,0.361599,1.121568,157.051246,0.015984
432,0.245234,-5.113320,0.003786,-5.331958,0.101280,0.036081,0.072018,0.210194,43.558533,73.016361,-29.457828,0.353475,0.266546,0.379979,1.263762,106.998119,0.056595
433,0.245234,-5.113320,0.003786,-5.331958,0.101280,0.036081,0.072018,0.210194,43.558533,73.016361,-29.457828,0.353475,0.266546,0.379979,1.263762,106.998119,0.056595
434,0.244744,-0.500203,0.001697,-7.481707,0.044721,-0.020684,-0.041336,0.099529,27.843441,109.407334,-81.563893,0.368511,0.277955,0.353534,0.893875,153.474847,-0.033466
435,0.248943,-8.323433,0.002567,-5.998873,0.083018,0.016548,0.033068,0.175280,47.207334,98.881805,-51.674471,0.359207,0.269442,0.371350,1.156451,141.901740,0.026039
436,0.248530,-8.164724,0.002136,-6.343083,0.071555,0.005098,0.010181,0.152963,45.059238,111.591819,-66.532581,0.362265,0.271760,0.365976,1.081356,158.394922,0.008181
437,0.248979,-9.334034,0.002293,-6.049263,0.079052,0.012478,0.024938,0.167812,48.517630,106.581382,-58.063752,0.360398,0.270136,0.369466,1.140113,151.649741,0.020063
438,0.304010,-10.509437,0.003113,-4.531046,0.094038,0.011725,0.023439,0.202576,53.260931,107.458956,-54.198025,0.367786,0.255692,0.376522,1.113126,138.551011,0.017859
439,0.291403,-5.215924,0.002736,-5.213865,0.073678,-0.005177,-0.010348,0.161818,41.078984,105.740197,-64.661213,0.370821,0.262239,0.366940,1.020481,137.026328,-0.007780
440,0.278965,-7.516495,0.002982,-5.064492,0.087371,0.012328,0.024644,0.186757,46.881944,97.260648,-50.378704,0.364282,0.262356,0.373362,1.123979,130.944444,0.019225
441,0.291330,-5.410577,0.002230,-5.544487,0.060815,-0.018078,-0.036115,0.136625,39.090268,123.746403,-84.656135,0.374327,0.264714,0.360959,0.936976,159.868359,-0.028012
442,0.308493,-12.562127,0.002972,-4.574424,0.094198,0.010434,0.020856,0.203870,57.167842,116.218336,-59.050494,0.368853,0.254533,0.376614,1.107872,147.535026,0.015964
443,0.276489,-1.916870,0.003749,-6.534815,0.063344,-0.011861,-0.023692,0.142446,32.926657,101.386460,-68.459803,0.371084,0.266676,0.362241,0.976083,138.628115,-0.018220
444,0.289936,-9.554853,0.002292,-5.428396,0.073161,-0.005347,-0.010688,0.160868,48.293371,125.018900,-76.725529,0.370714,0.262576,0.366710,1.019678,163.267513,-0.008046
445,0.298017,-4.417185,0.004130,-4.581361,0.096872,0.016350,0.032683,0.207306,42.390691,81.775740,-39.385049,0.365692,0.256441,0.377867,1.139219,107.156088,0.024927
446,0.314352,-11.253450,0.003388,-4.411131,0.098341,0.012896,0.025773,0.212542,55.194640,108.953738,-53.759097,0.368930,0.252471,0.378598,1.116436,137.740009,0.019412
447,0.291602,-9.999643,0.003004,-4.814194,0.091815,0.013083,0.026142,0.196897,51.889986,106.155712,-54.265726,0.365800,0.258712,0.375487,1.125445,139.312647,0.020194
448,0.143476,5.978834,0.000591,-18.146108,0.010529,-0.026752,-0.053446,0.024244,7.915374,107.014951,-99.099577,0.356671,0.305297,0.338032,0.692974,185.025858,-0.047408
449,0.370759,-16.221841,0.004290,-3.365863,0.119156,0.016967,0.033895,0.260736,67.272214,120.065444,-52.793230,0.375601,0.235843,0.388557,1.125203,138.314998,0.024622
450,0.302414,-13.675451,0.002785,-4.791619,0.090766,0.008757,0.017503,0.196439,58.313117,123.394076,-65.080959,0.368467,0.256519,0.375014,1.096276,159.792196,0.013269
451,0.289668,-7.898010,0.002312,-5.476385,0.068901,-0.009510,-0.019012,0.152370,44.768688,123.063188,-78.294499,0.371769,0.263510,0.364721,0.990123,160.350729,-0.014664
452,0.319940,-12.443508,0.002714,-4.701337,0.084623,-0.002782,-0.005563,0.187440,55.579690,130.215515,-74.635825,0.374217,0.253666,0.372117,1.032763,161.377527,-0.004136
453,0.330045,-11.872945,0.003054,-4.264440,0.090266,0.000056,0.000110,0.199219,55.427362,123.960508,-68.533145,0.374730,0.250510,0.374760,1.048239,151.257640,0.000137
454,0.384623,-18.413138,0.004241,-3.222766,0.121071,0.014622,0.029222,0.266782,71.816643,128.515092,-56.698449,0.378225,0.232291,0.389484,1.111686,145.082276,0.020912
455,0.358101,-11.146296,0.003784,-3.958894,0.098718,-0.000060,-0.000116,0.220454,55.488011,119.037800,-63.549788,0.378900,0.242324,0.378776,1.051338,137.771979,0.000217
456,0.268360,-7.298282,0.002523,-5.697624,0.077300,0.005175,0.010347,0.166223,44.936530,104.905501,-59.968970,0.364847,0.266499,0.368654,1.080798,143.321580,0.008101
457,0.418579,-12.646745,0.004036,-3.014017,0.095666,-0.021821,-0.043587,0.225942,58.466855,145.027080,-86.560226,0.394215,0.228455,0.377330,0.954562,150.621063,-0.030919
458,0.332444,-9.721556,0.003225,-4.499702,0.087212,-0.003967,-0.007931,0.194398,51.069111,119.504654,-68.435543,0.376351,0.250302,0.373347,1.029343,145.315468,-0.005817
459,0.373004,-6.153354,0.002838,-3.819434,0.065056,-0.038244,-0.076358,0.156885,42.070522,144.238646,-102.168124,0.391846,0.245249,0.362905,0.860691,158.937000,-0.056450
460,0.363502,-10.602164,0.003720,-3.656456,0.093151,-0.007079,-0.014148,0.209812,53.734838,123.759661,-70.024824,0.381494,0.242398,0.376107,1.013628,142.738599,-0.010343
461,0.308471,-9.411034,0.003244,-4.534337,0.092814,0.009071,0.018129,0.201132,51.128350,106.884626,-55.756276,0.369237,0.254807,0.375957,1.100983,135.515750,0.013986
462,0.353555,-10.817344,0.004275,-3.586561,0.109658,0.012776,0.025527,0.239204,55.912553,105.535120,-49.622567,0.374242,0.241795,0.383963,1.107314,124.925247,0.018660
463,0.290608,-4.096743,0.002703,-5.134695,0.071068,-0.007421,-0.014834,0.156111,38.722144,103.640621,-64.918477,0.371204,0.263093,0.365703,1.004338,134.613070,-0.011411
